gauge_id,gauge_name,gauge_country,gauge_lat,gauge_lon
1,BREST,FRANCE,48.38,-4.49
2,SWINOUJSCIE,POLAND,53.92,14.23
3,SHEERNESS,UNITED KINGDOM,51.45,0.74
5,HOLYHEAD,UNITED KINGDOM,53.31,-4.62
7,CUXHAVEN_2,GERMANY,53.87,8.72
8,WISMAR_2,GERMANY,53.9,11.46
9,MAASSLUIS,"NETHERLANDS, KINGDOM OF THE",51.92,4.25
10,SAN_FRANCISCO,UNITED STATES,37.81,-122.47
11,WARNEMUNDE_2,GERMANY,54.17,12.1
12,NEW_YORK,UNITED STATES,40.7,-74.01
13,TRAVEMUNDE,GERMANY,53.96,10.87
14,HELSINKI,FINLAND,60.15,24.96
15,LIVERPOOL_GEORGES_AND_PRINCES_PIERS,UNITED KINGDOM,53.4,-3.0
16,LYOKKI,FINLAND,60.85,21.18
17,LYPYRTTI,FINLAND,60.6,21.23
18,JUNGFRUSUND,FINLAND,59.95,22.37
20,VLISSINGEN,"NETHERLANDS, KINGDOM OF THE",51.44,3.6
21,ABERDEEN_II,UNITED KINGDOM,57.15,-2.08
22,HOEK_VAN_HOLLAND,"NETHERLANDS, KINGDOM OF THE",51.98,4.12
23,DEN_HELDER,"NETHERLANDS, KINGDOM OF THE",52.96,4.75
24,DELFZIJL,"NETHERLANDS, KINGDOM OF THE",53.33,6.93
25,HARLINGEN,"NETHERLANDS, KINGDOM OF THE",53.18,5.41
26,LIEPAJA,LATVIA,56.53,20.98
27,UTO,FINLAND,59.78,21.37
28,RUSSARO,FINLAND,59.77,22.95
29,SODERSKAR,FINLAND,60.12,25.42
30,RONNSKAR,FINLAND,63.07,20.8
31,NEDRE_SODERTALJE,SWEDEN,59.2,17.62
32,IJMUIDEN,"NETHERLANDS, KINGDOM OF THE",52.46,4.55
33,OSCARSBORG,NORWAY,59.68,10.6
34,TRONDHEIM,NORWAY,63.43,10.43
37,DAUGAVGRIVA,LATVIA,57.05,24.03
39,VENEZIA,ITALY,45.42,12.33
41,POTI,GEORGIA,42.17,41.68
42,SEVASTOPOL,UKRAINE,44.62,33.53
43,MUMBAI,INDIA,18.92,72.83
44,ADEN,YEMEN,12.79,44.97
45,KABELVAG,NORWAY,68.21,14.48
47,STAVANGER,NORWAY,58.97,5.73
48,KIDDERPORE,INDIA,22.53,88.33
51,BATUMI,GEORGIA,41.63,41.7
52,CASCAIS,PORTUGAL,38.68,-9.42
57,VAASA,FINLAND,63.08,21.57
58,BERGEN,NORWAY,60.4,5.32
59,GENOVA,ITALY,44.4,8.9
61,MARSEILLE,FRANCE,43.28,5.35
62,OSLO,NORWAY,59.91,10.73
63,KOBBAKLINTAR,ÅLAND ISLANDS,60.03,19.88
64,GDANSK/NOWY_PORT,POLAND,54.4,18.68
65,SYDNEY,AUSTRALIA,-33.85,151.23
68,LANDSORT,SWEDEN,58.74,17.87
69,OLANDS_NORRA_UDDE,SWEDEN,57.37,17.1
70,KUNGSHOLMSFORT,SWEDEN,56.11,15.59
71,HANKO,FINLAND,59.82,22.98
72,YSTAD,SWEDEN,55.42,13.82
73,VARBERG,SWEDEN,57.1,12.22
76,AARHUS,DENMARK,56.15,10.22
77,GRONSKAR,SWEDEN,59.28,19.03
78,STOCKHOLM,SWEDEN,59.32,18.08
79,OULU,FINLAND,65.04,25.42
80,ESBJERG,DENMARK,55.46,8.44
81,FREDERICIA,DENMARK,55.56,9.75
82,KOBENHAVN,DENMARK,55.7,12.6
83,VYBORG,RUSSIAN FEDERATION,60.7,28.73
84,LEMSTROM,ÅLAND ISLANDS,60.1,20.02
86,YKSPIHLAJA,FINLAND,63.83,23.03
87,VENEZIA,ITALY,45.42,12.35
88,RATAN,SWEDEN,63.99,20.89
89,HIRTSHALS,DENMARK,57.6,9.96
90,BJORN,SWEDEN,60.63,17.97
91,FREDERIKSHAVN,DENMARK,57.44,10.55
94,TONOURA,JAPAN,34.9,132.07
95,NORTH_SHIELDS,UNITED KINGDOM,55.01,-1.44
96,HALIFAX,CANADA,44.67,-63.58
97,BACKEVIK,SWEDEN,58.37,11.25
98,SLIPSHAVN,DENMARK,55.29,10.83
99,NEDRE_GAVLE,SWEDEN,60.68,17.17
104,CAGLIARI,ITALY,39.2,9.17
105,NAPOLI,ITALY,40.84,14.26
106,CIVITAVECCHIA,ITALY,42.05,11.82
107,PALERMO,ITALY,38.13,13.33
108,PORTO_MAURIZIO,ITALY,43.87,8.02
111,FREMANTLE,AUSTRALIA,-32.06,115.74
112,FERNANDINA_BEACH,UNITED STATES,30.67,-81.47
113,KORSOR,DENMARK,55.33,11.14
118,KLAIPEDA,LITHUANIA,55.7,21.13
119,HORNBAEK,DENMARK,56.09,12.46
120,GEDSER,DENMARK,54.57,11.93
122,DRAGHALLAN,SWEDEN,62.37,17.53
127,SEATTLE,UNITED STATES,47.6,-122.34
129,NAPOLI,ITALY,40.87,14.27
130,ABURATSUBO,JAPAN,35.16,139.62
131,AYUKAWA,JAPAN,38.3,141.51
132,WAJIMA,JAPAN,37.41,136.9
133,HOSOJIMA,JAPAN,32.43,131.67
134,KUSHIMOTO,JAPAN,33.48,135.77
135,PHILADELPHIA,UNITED STATES,39.93,-75.14
138,POINTE-AU-PERE,CANADA,48.52,-68.47
139,HANASAKI,JAPAN,43.28,145.58
140,STROMSTAD,SWEDEN,58.95,11.18
142,SKURU,FINLAND,60.1,23.55
145,MANILA,PHILIPPINES,14.58,120.97
146,HEL,POLAND,54.6,18.8
148,BALTIMORE,UNITED STATES,39.27,-76.58
150,AUCKLAND_II,NEW ZEALAND,-36.84,174.77
154,TRIESTE,ITALY,45.65,13.76
155,HONOLULU,UNITED STATES,21.31,-157.87
157,BUENOS_AIRES,ARGENTINA,-34.6,-58.37
158,SAN_DIEGO,UNITED STATES,32.71,-117.17
159,OSHORO_I,JAPAN,43.22,140.87
161,GALVESTON_II,UNITED STATES,29.31,-94.79
162,LAGOS,PORTUGAL,37.1,-8.67
163,BALBOA,PANAMA,8.97,-79.57
164,KOTKA,FINLAND,60.45,26.95
165,TOFINO,CANADA,49.15,-125.92
166,VICTORIA,CANADA,48.42,-123.37
167,PRINCE_RUPERT,CANADA,54.32,-130.33
168,VENEZIA,ITALY,45.43,12.33
169,CRISTOBAL,PANAMA,9.35,-79.92
172,MANTYLUOTO,FINLAND,61.59,21.46
174,KO_LAK,THAILAND,11.8,99.82
175,VANCOUVER,CANADA,49.28,-123.12
176,HARRINGTON_HBR,CANADA,50.5,-59.48
179,SMOGEN,SWEDEN,58.35,11.22
180,ATLANTIC_CITY,UNITED STATES,39.35,-74.42
183,PORTLAND ,UNITED STATES,43.66,-70.25
188,KEY_WEST,UNITED STATES,24.55,-81.81
189,PORT_HEDLAND,AUSTRALIA,-20.32,118.57
190,DUNBAR,UNITED KINGDOM,56.01,-2.52
193,POINT_ATKINSON,CANADA,49.33,-123.25
194,PIETARSAARI ,FINLAND,63.71,22.69
195,SAINT_JOHN,CANADA,45.27,-66.07
196,SYDNEY,AUSTRALIA,-33.85,151.23
202,NEWLYN,UNITED KINGDOM,50.1,-5.54
203,FURUOGRUND,SWEDEN,64.92,21.23
204,KARACHI,PAKISTAN,24.81,66.97
205,CHENNAI,INDIA,13.1,80.3
208,ALICANTE,SPAIN,38.34,-0.48
209,CADIZ_II,SPAIN,36.53,-6.31
210,RANGOON,MYANMAR,16.77,96.17
213,BLUFF,NEW ZEALAND,-46.6,168.35
214,FELIXSTOWE,UNITED KINGDOM,51.96,1.35
215,TUAPSE,RUSSIAN FEDERATION,44.1,39.07
216,PORT_PIRIE,AUSTRALIA,-33.18,138.01
217,AUCKLAND-WAITEMATA_HARBOUR,NEW ZEALAND,-36.84,174.77
219,BELFAST_2,UNITED KINGDOM,54.6,-5.92
221,WELLINGTON_HARBOUR,NEW ZEALAND,-41.28,174.78
223,QUEQUEN,ARGENTINA,-38.58,-58.7
224,LEWES,UNITED STATES,38.78,-75.12
225,KETCHIKAN,UNITED STATES,55.33,-131.62
226,SAPPI,FINLAND,61.48,21.33
227,SUR_SARI,RUSSIAN FEDERATION,60.08,26.98
229,KEMI,FINLAND,65.67,24.52
230,PORT_LINCOLN,AUSTRALIA,-34.72,135.87
231,HELIGMAN,ÅLAND ISLANDS,60.2,19.3
234,CHARLESTON_I,UNITED STATES,32.78,-79.92
235,BOSTON,UNITED STATES,42.35,-71.05
236,WEST-TERSCHELLING,"NETHERLANDS, KINGDOM OF THE",53.36,5.22
237,PRIMORSK,RUSSIAN FEDERATION,60.35,28.62
238,TVARMINNE,FINLAND,59.85,23.25
239,TURKU,FINLAND,60.43,22.1
240,RAAHE,FINLAND,64.67,24.41
245,LOS_ANGELES,UNITED STATES,33.72,-118.27
246,PENSACOLA,UNITED STATES,30.4,-87.21
247,PORT_LYTTELTON,NEW ZEALAND,-43.61,172.72
248,JOHOR_BAHRU,MALAYSIA,1.46,103.79
249,FOGLO,ÅLAND ISLANDS,60.03,20.38
253,PORT_SAID,EGYPT,31.25,32.3
255,DOVER,UNITED KINGDOM,51.11,1.32
256,LA_JOLLA,UNITED STATES,32.87,-117.26
258,PONTA_DELGADA,PORTUGAL,37.74,-25.67
259,LYTTELTON_II,NEW ZEALAND,-43.61,172.72
260,JOLO,PHILIPPINES,6.07,121.0
265,ASTORIA,UNITED STATES,46.21,-123.77
266,SEWARD,UNITED STATES,60.12,-149.43
267,NEWCASTLE_III,AUSTRALIA,-32.92,151.8
269,MACAU,MACAO,22.2,113.55
270,DAYTONA_BEACH,UNITED STATES,29.23,-81.0
271,MOMMARK,DENMARK,54.93,10.07
284,DURBAN,SOUTH AFRICA,-29.87,31.05
285,KASKINEN,FINLAND,62.34,21.21
286,IMMINGHAM,UNITED KINGDOM,53.63,-0.19
288,SEAVEY_ISLAND,UNITED STATES,43.08,-70.74
289,PIONERSKY,RUSSIAN FEDERATION,54.95,20.22
299,SEWELLS_POINT,UNITED STATES,36.95,-76.33
300,HILO,UNITED STATES,19.73,-155.06
302,TREGDE,NORWAY,58.01,7.55
303,SANTA_CRUZ_DE_TENERIFE_I,SPAIN,28.48,-16.24
310,YAMBA,AUSTRALIA,-29.43,153.36
311,ANNAPOLIS,UNITED STATES,38.98,-76.48
312,NARVIK,NORWAY,68.43,17.43
313,HEIMSJO,NORWAY,63.43,9.1
314,STORNOWAY,UNITED KINGDOM,58.21,-6.39
315,HAMINA,FINLAND,60.56,27.18
316,MAYPORT,UNITED STATES,30.39,-81.43
317,BOURGAS,BULGARIA,42.48,27.48
318,VARNA,BULGARIA,43.18,27.92
320,NEWCASTLE_I,AUSTRALIA,-32.92,151.8
330,KLAGSHAMN,SWEDEN,55.52,12.89
331,TAKORADI,GHANA,4.88,-1.75
332,EASTPORT,UNITED STATES,44.9,-66.98
333,NORTH_POINT,HONG KONG,22.3,114.2
334,SOUTHEND,UNITED KINGDOM,51.51,0.72
335,TILBURY,UNITED KINGDOM,51.47,0.37
336,TOWER_PIER,UNITED KINGDOM,51.5,0.08
350,PORTSMOUTH,UNITED KINGDOM,50.8,-1.11
351,NEWPORT,UNITED STATES,41.51,-71.33
352,SPLIT - GRADSKA_LUKA,CROATIA,43.51,16.44
353,BAKAR,CROATIA,45.3,14.53
359,MERA,JAPAN,34.92,139.82
360,WASHINGTON_DC,UNITED STATES,38.87,-77.02
361,ABERDEEN_I,UNITED KINGDOM,57.14,-2.08
362,WILLETS_POINT,UNITED STATES,40.79,-73.78
363,MIAMI_BEACH,UNITED STATES,25.77,-80.13
366,SANDY_HOOK,UNITED STATES,40.47,-74.01
367,WOODS_HOLE,UNITED STATES,41.52,-70.67
368,ST. GEORGES,BERMUDA,32.37,-64.7
369,GARDEN_REACH,INDIA,22.55,88.3
373,THESSALONIKI,GREECE,40.63,22.93
374,PIRAIEVS,GREECE,37.94,23.63
375,KAVALLA,GREECE,40.93,24.41
376,RAUMA,FINLAND,61.13,21.43
377,SANTA_MONICA,UNITED STATES,34.01,-118.5
378,CRESCENT_CITY,UNITED STATES,41.74,-124.18
379,CONSTANTZA,ROMANIA,44.17,28.67
384,FRIDAY_HARBOR,UNITED STATES,48.55,-123.01
385,NEAH_BAY,UNITED STATES,48.37,-124.61
386,THEVENARD,AUSTRALIA,-32.15,133.64
392,PORT_AUX_BASQUES,CANADA,47.57,-59.13
393,ST. JOHN'S,CANADA,47.57,-52.72
394,CEBU,PHILIPPINES,10.3,123.92
395,FORT_PULASKI,UNITED STATES,32.03,-80.9
396,WILMINGTON,UNITED STATES,34.23,-77.95
397,SASSNITZ,GERMANY,54.51,13.64
398,KJOLSDAL,NORWAY,61.92,5.63
399,PORTSMOUTH,UNITED STATES,36.82,-76.29
401,NEVLUNGHAVN,NORWAY,58.97,9.88
405,JUNEAU,UNITED STATES,58.3,-134.41
407,UCHIURA,JAPAN,35.02,138.89
408,KHIOS,GREECE,38.37,26.14
409,POSIDHONIA,GREECE,37.95,22.96
410,PREVEZA,GREECE,38.96,20.76
411,KALAMAI,GREECE,37.02,22.12
412,SOLOMON'S_ISLAND,UNITED STATES,38.32,-76.45
413,OOSTENDE,BELGIUM,51.23,2.92
414,VISAKHAPATNAM,INDIA,17.68,83.28
417,SAUGOR/SAGAR,INDIA,21.65,88.05
418,GUANTANAMO_BAY,CUBA,19.91,-75.15
420,BHAUNAGAR_I,INDIA,21.8,72.3
425,ANDENES,NORWAY,69.33,16.13
426,SITKA,UNITED STATES,57.05,-135.34
427,CHARLOTTETOWN,CANADA,46.23,-63.12
428,CEDAR_KEY_II,UNITED STATES,29.14,-83.03
429,NEW_LONDON,UNITED STATES,41.36,-72.09
430,PROVIDENCE,UNITED STATES,41.81,-71.4
431,MONTEVIDEO,URUGUAY,-34.9,-56.25
432,DUBLIN,IRELAND,53.35,-6.22
433,COLONIA,URUGUAY,-34.48,-57.85
434,PUNTA_DEL_ESTE,URUGUAY,-34.97,-54.95
435,DOUGLAS,ISLE OF MAN,54.15,-4.47
437,ALAMEDA,UNITED STATES,37.77,-122.3
438,COCHIN,INDIA,9.97,76.27
440,EUGENE_ISLAND,UNITED STATES,29.37,-91.39
444,FORT_PHRACHULA_CHOMKLAO,THAILAND,13.55,100.58
445,YAKUTAT,UNITED STATES,59.55,-139.73
446,KO_TAPHAO_NOI,THAILAND,7.83,98.43
447,CHURCHILL,CANADA,58.77,-94.18
448,PORT_ADELAIDE,AUSTRALIA,-34.78,138.48
449,KO_SICHANG,THAILAND,13.15,100.82
453,LE_HAVRE,FRANCE,49.48,0.11
454,ST. MALO,FRANCE,48.64,-2.03
455,CALAIS,FRANCE,50.97,1.87
456,BUENAVENTURA,COLOMBIA,3.9,-77.1
457,ST. NAZAIRE,FRANCE,47.27,-2.2
458,MATARANI,PERU,-17.0,-72.12
460,HACHINOHE_I,JAPAN,40.53,141.53
462,RICHMOND,UNITED STATES,37.57,-77.45
463,MIYAKO_I,JAPAN,39.63,141.97
464,PUNTARENAS,COSTA RICA,9.97,-84.83
466,LA_ROCHELLE-LA_PALLICE,FRANCE,46.16,-1.22
467,CHERBOURG,FRANCE,49.65,-1.64
468,DUNKERQUE,FRANCE,51.05,2.37
469,ST_JEAN_DE_LUZ,FRANCE,43.4,-1.68
470,ZEEBRUGGE,BELGIUM,51.35,3.2
471,BOULOGNE,FRANCE,50.73,1.58
474,DIEPPE,FRANCE,49.93,1.08
475,TALARA,PERU,-4.62,-81.28
477,PORT_LOUIS,MAURITIUS,-20.15,57.5
483,VIGO,SPAIN,42.24,-8.73
484,LA_CORUNA_I,SPAIN,43.37,-8.4
485,SANTANDER_I,SPAIN,43.46,-3.79
486,MALOY,NORWAY,61.93,5.11
487,ADAK  SWEEPER_COVE,UNITED STATES,51.86,-176.63
488,TARIFA,SPAIN,36.01,-5.6
489,NIEUWPOORT,BELGIUM,51.15,2.73
490,ALGECIRAS,SPAIN,36.12,-5.43
491,MASSACRE_BAY,UNITED STATES,52.83,173.2
495,SKAGWAY,UNITED STATES,59.45,-135.33
496,MALAGA,SPAIN,36.71,-4.42
497,PORT_ISABEL,UNITED STATES,26.06,-97.22
498,CEUTA,SPAIN,35.89,-5.32
499,VALPARAISO,CHILE,-33.03,-71.63
500,WELLINGTON_II,NEW ZEALAND,-41.28,174.78
501,PUERTO_MADRYN,ARGENTINA,-42.77,-65.03
503,ALEXANDRIA,EGYPT,31.22,29.92
508,PORT_SAN_LUIS,UNITED STATES,35.18,-120.76
509,ALESUND,NORWAY,62.47,6.15
510,ANTOFAGASTA_2,CHILE,-23.65,-70.4
511,ANTOFAGASTA,CHILE,-23.65,-70.42
513,KWAJALEIN,MARSHALL ISLANDS,8.73,167.74
518,KUSHIRO,JAPAN,42.98,144.37
519,MONTAUK,UNITED STATES,41.05,-71.96
520,ST. PETERSBURG,UNITED STATES,27.76,-82.63
521,KAHULUI_HARBOR,UNITED STATES,20.89,-156.48
522,LEGASPI,PHILIPPINES,13.15,123.75
523,MIDWAY_ISLAND,UNITED STATES MINOR OUTLYING ISLANDS,28.21,-177.36
524,VARDO,NORWAY,70.37,31.1
525,BAR_HARBOR,UNITED STATES,44.39,-68.2
526,GRAND_ISLE,UNITED STATES,29.26,-89.96
527,PORT_ALBERNI,CANADA,49.23,-124.82
528,CHUUK,"MICRONESIA, FEDERATED STATES OF",7.45,151.85
531,EVENSKJAER,NORWAY,68.58,16.55
537,DAVAO,PHILIPPINES,7.08,125.63
538,ROCKPORT,UNITED STATES,28.02,-97.05
539,PAGO_PAGO,AMERICAN SAMOA,-14.28,-170.69
540,APRA_HARBOR,GUAM,13.44,144.65
541,BARENTSBURG,SVALBARD AND JAN MAYEN,78.07,14.25
542,IMBITUBA,BRAZIL,-28.23,-48.65
543,DIAMOND_HARBOUR,INDIA,22.2,88.17
544,LA_LIBERTAD_II,ECUADOR,-2.2,-80.92
545,KEELUNG_II,"TAIWAN, PROVINCE OF CHINA",25.13,121.73
546,YUZHNO_KURILSK,RUSSIAN FEDERATION,44.02,145.87
547,BARENTSBURG_II,SVALBARD AND JAN MAYEN,78.07,14.25
549,CAMP_COVE,AUSTRALIA,-33.83,151.28
552,PUERTO_LIMON,COSTA RICA,10.0,-83.03
554,ALERT_BAY,CANADA,50.58,-126.95
555,LA_LIBERTAD,ECUADOR,-2.2,-80.92
556,RECIFE,BRAZIL,-8.05,-34.87
557,PUERTO_CORTES,HONDURAS,15.83,-87.95
558,LA_UNION,EL SALVADOR,13.33,-87.82
562,BODO,NORWAY,67.29,14.39
563,GIBARA,CUBA,21.11,-76.12
564,MACKAY,AUSTRALIA,-21.1,149.23
565,LAS_PALMAS_C,SPAIN,28.15,-15.41
566,CORDOVA,UNITED STATES,60.56,-145.75
567,KODIAK_ISLAND,UNITED STATES,57.73,-152.51
568,SANTA_CRUZ_DE_LA_PALMA_B,SPAIN,28.67,-17.77
569,TIKSI,RUSSIAN FEDERATION,71.58,128.92
571,TALCAHUANO,CHILE,-36.68,-73.1
572,CARTAGENA,COLOMBIA,10.4,-75.55
575,KANTON_ISLAND,KIRIBATI,-2.8,-171.72
578,SALVADOR,BRAZIL,-12.97,-38.52
580,BELEM,BRAZIL,-1.45,-48.5
581,NAOS_ISLAND,PANAMA,8.92,-79.55
593,ARRECIFE,SPAIN,28.97,-13.53
595,WAKE_ISLAND,MARSHALL ISLANDS,19.29,166.62
596,KANDLA,INDIA,23.02,70.22
597,GLOUCESTER_POINT,UNITED STATES,37.25,-76.5
598,JOHNSTON_ISLAND,UNITED STATES MINOR OUTLYING ISLANDS,16.74,-169.53
599,AMDERMA,RUSSIAN FEDERATION,69.75,61.7
600,UST_KARA,RUSSIAN FEDERATION,69.25,64.52
601,FEDOROVA,RUSSIAN FEDERATION,77.72,104.3
602,SANNIKOVA,RUSSIAN FEDERATION,74.67,138.9
603,SHALAUROVA,RUSSIAN FEDERATION,73.18,143.23
604,AMBARCHIK,RUSSIAN FEDERATION,69.62,162.3
605,RAU-CHUA,RUSSIAN FEDERATION,69.5,166.58
606,PEVEK,RUSSIAN FEDERATION,69.7,170.25
607,VANKAREM,RUSSIAN FEDERATION,67.83,-175.83
608,VRANGELIA,RUSSIAN FEDERATION,70.98,-178.48
609,MALYE_KARMAKULY,RUSSIAN FEDERATION,72.37,52.7
610,UST_OLENEK,RUSSIAN FEDERATION,73.0,119.87
611,DIKSON,RUSSIAN FEDERATION,73.5,80.4
612,STERLEGOVA,RUSSIAN FEDERATION,75.42,88.9
613,NETTEN,RUSSIAN FEDERATION,66.97,-171.93
614,QINHUANGDAO,CHINA,39.9,119.6
615,PRAVDY,RUSSIAN FEDERATION,76.27,94.77
616,MYS_SHMIDTA,RUSSIAN FEDERATION,68.9,-179.37
617,RATMANOVA,RUSSIAN FEDERATION,65.85,-169.13
618,ARICA,CHILE,-18.47,-70.33
619,CALDERA,CHILE,-27.07,-70.83
620,MALYI_TAIMYR,RUSSIAN FEDERATION,78.08,106.82
621,KOLUCHIN,RUSSIAN FEDERATION,67.48,-174.65
622,UGORSKII_SHAR,RUSSIAN FEDERATION,69.82,60.75
627,TOBA,JAPAN,34.47,136.85
634,IRAKLION,GREECE,35.35,25.15
635,ONAHAMA,JAPAN,36.94,140.89
636,KIPTOPEKE_BEACH,UNITED STATES,37.16,-75.99
637,TOWNSVILLE_I,AUSTRALIA,-19.25,146.83
638,REYKJAVIK,ICELAND,64.15,-21.94
639,TUMACO,COLOMBIA,1.83,-78.73
640,DUNAI,RUSSIAN FEDERATION,73.93,124.5
641,KOTELNYI,RUSSIAN FEDERATION,76.0,137.87
642,KIGILIAH,RUSSIAN FEDERATION,73.33,139.87
643,KOLOBRZEG,POLAND,54.18,15.55
644,USTKA,POLAND,54.58,16.87
645,WLADYSLAWOWO,POLAND,54.8,18.42
646,ANDREIA,RUSSIAN FEDERATION,76.8,110.75
647,ZHELANIA_II,RUSSIAN FEDERATION,76.95,68.55
648,GEIBERGA,RUSSIAN FEDERATION,77.6,101.52
649,MUOSTAH,RUSSIAN FEDERATION,71.55,130.03
650,CHETYREHSTOLBOVOI,RUSSIAN FEDERATION,70.63,162.48
651,BOLVANSKII_NOS,RUSSIAN FEDERATION,70.45,59.08
652,PREOBRAZHENIA,RUSSIAN FEDERATION,74.67,112.93
653,POPOVA,RUSSIAN FEDERATION,73.33,70.05
655,RUSSKII,RUSSIAN FEDERATION,77.17,96.43
656,SOLNECHNAIA,RUSSIAN FEDERATION,78.2,103.27
657,SVIATOI_NOS,RUSSIAN FEDERATION,72.83,140.73
658,ZEMLIA_BUNGE,RUSSIAN FEDERATION,74.88,142.12
661,IZUHARA,JAPAN,34.2,129.3
662,PROVIDENIA,RUSSIAN FEDERATION,64.42,-173.23
663,MAIZURU_I,JAPAN,35.48,135.4
664,TACLOBAN,PHILIPPINES,11.25,125.0
665,ENEWETOK,MARSHALL ISLANDS,11.37,162.35
667,MARII_PRONCHISHEVOI,RUSSIAN FEDERATION,75.53,113.43
668,PUERTO_ARMUELLES,PANAMA,8.27,-82.87
669,TOKUYAMA_I,JAPAN,34.03,131.8
679,OMINATO,JAPAN,41.25,141.15
680,TROMSO,NORWAY,69.65,18.96
681,HARSTAD,NORWAY,68.8,16.55
682,KRISTIANSUND,NORWAY,63.11,7.73
683,BURNIE,AUSTRALIA,-41.05,145.91
684,MURMANSK,RUSSIAN FEDERATION,68.97,33.05
685,SPLIT_RT_MARJANA,CROATIA,43.51,16.39
686,ACAPULCO,MEXICO,16.83,-99.92
687,MURMANSK_II,RUSSIAN FEDERATION,68.97,33.05
688,FULFORD_HARBOUR,CANADA,48.77,-123.45
689,SALINA_CRUZ,MEXICO,16.17,-95.2
690,PROGRESO,MEXICO,21.3,-89.67
692,COATZACOALCOS,MEXICO,18.15,-94.42
693,GUAYMAS,MEXICO,27.92,-110.9
695,LA_PAZ,MEXICO,24.17,-110.35
696,MANGALORE,INDIA,12.85,74.83
701,KAINAN,JAPAN,34.14,135.19
703,HANSTHOLM,DENMARK,57.12,8.6
704,VISE,RUSSIAN FEDERATION,79.5,76.98
707,UEDINENIA,RUSSIAN FEDERATION,77.5,82.2
708,BILLINGA,RUSSIAN FEDERATION,69.88,175.77
710,RUSSKAIA_GAVAN_II,RUSSIAN FEDERATION,76.18,62.58
711,RUSSKAYA_GAVAN,RUSSIAN FEDERATION,76.2,62.58
712,MAZATLAN,MEXICO,23.2,-106.42
721,ASAMUSHI,JAPAN,40.9,140.86
722,YOKOSUKA,JAPAN,35.29,139.65
723,DALIAN,CHINA,38.87,121.68
724,SEMBAWANG,SINGAPORE,1.47,103.83
725,FREEPORT,UNITED STATES,28.95,-95.31
726,CANANEIA,BRAZIL,-25.02,-47.93
727,XIAMEN,CHINA,24.45,118.07
728,IZVESTIA_TSIK,RUSSIAN FEDERATION,75.95,82.95
729,GOLOMIANYI,RUSSIAN FEDERATION,79.55,90.62
730,AION,RUSSIAN FEDERATION,69.93,167.98
731,YANTAI,CHINA,37.53,121.38
732,MORZHOVAIA,RUSSIAN FEDERATION,71.42,67.58
734,ISACHENKO,RUSSIAN FEDERATION,77.15,89.2
735,BUORHAIA,RUSSIAN FEDERATION,71.95,132.77
736,KOSYSTYI,RUSSIAN FEDERATION,73.65,109.73
737,MANZANILLO,MEXICO,19.05,-104.33
738,KRASNOFLOTSKIE,RUSSIAN FEDERATION,78.6,98.83
752,NEZUGASEKI,JAPAN,38.56,139.55
753,KASHIWAZAKI,JAPAN,37.36,138.51
754,LOWESTOFT,UNITED KINGDOM,52.47,1.75
755,MILLPORT,UNITED KINGDOM,55.75,-4.91
756,NAWILIWILI_BAY,UNITED STATES,21.95,-159.35
757,UNALASKA,UNITED STATES,53.88,-166.54
758,HAMMERFEST,NORWAY,70.66,23.68
759,MAGUEYES_ISLAND,PUERTO RICO,17.97,-67.05
760,DUBROVNIK,CROATIA,42.66,18.06
761,ROVINJ,CROATIA,45.08,13.63
762,RODBYHAVN,DENMARK,54.66,11.35
763,LA_CORUNA_II,SPAIN,43.36,-8.4
764,LA_PALOMA,URUGUAY,-34.65,-54.15
765,BIRKENHEAD,UNITED KINGDOM,53.4,-3.02
766,NEWPORT_BAY,UNITED STATES,33.6,-117.88
767,TADIBE-IAHA,RUSSIAN FEDERATION,70.37,72.57
768,ALVARADO,MEXICO,18.77,-95.77
772,MONBETU_I,JAPAN,44.35,143.37
775,SANDWICH_MARINA,UNITED STATES,41.77,-70.5
776,BUZZARDS_BAY,UNITED STATES,41.74,-70.62
786,REEDY_POINT,UNITED STATES,39.56,-75.57
787,NELSON,NEW ZEALAND,-41.26,173.27
788,MONACO,MONACO,43.73,7.42
789,KIEL-HOLTENAU,GERMANY,54.37,10.16
790,TERPIAI-TUMSA,RUSSIAN FEDERATION,73.55,118.67
791,LEIXOES,PORTUGAL,41.18,-8.7
792,VALKARKAI,RUSSIAN FEDERATION,70.08,170.93
795,ENSENADA,MEXICO,31.85,-116.63
796,CIUDAD_DEL_CARMEN,MEXICO,18.63,-91.85
808,SHIMIZU-MINATO,JAPAN,35.01,138.52
809,KOMATSUSHIMA,JAPAN,34.01,134.59
810,MISUMI,JAPAN,32.62,130.45
811,SAKAI,JAPAN,35.55,133.24
812,UNO,JAPAN,34.49,133.95
813,HAKODATE_I,JAPAN,41.78,140.72
814,ABURATSU,JAPAN,31.58,131.41
815,TOSA_SHIMIZU,JAPAN,32.78,132.96
816,WAKAYAMA,JAPAN,34.22,135.15
817,TAN-NOWA,JAPAN,34.34,135.18
818,LORD_HOWE_ISLAND,AUSTRALIA,-31.52,159.07
819,MAR_DEL_PLATA,ARGENTINA,-38.03,-57.52
820,PORT_ELIZABETH,SOUTH AFRICA,-33.95,25.63
821,NORFOLK_ISLAND,NORFOLK ISLAND,-29.06,167.95
822,BRISBANE,AUSTRALIA,-27.37,153.17
823,MOKUOLOE_ISLAND,UNITED STATES,21.43,-157.79
824,PETROPAVLOVSK-KAMCHATSKY,RUSSIAN FEDERATION,52.98,158.65
825,GLADSTONE,AUSTRALIA,-23.85,151.31
826,SIMONS_BAY,SOUTH AFRICA,-34.19,18.44
827,NAGAEVO,RUSSIAN FEDERATION,59.55,150.72
828,GALVESTON_I,UNITED STATES,29.29,-94.79
829,QUEEN_CHARLOTTE_CITY,CANADA,53.25,-132.07
830,LERWICK,UNITED KINGDOM,60.15,-1.14
831,PORT_KEMBLA,AUSTRALIA,-34.47,150.91
832,PALERMO,ARGENTINA,-34.57,-58.4
833,EDEN,AUSTRALIA,-37.07,149.91
834,BUNBURY,AUSTRALIA,-33.32,115.66
835,KARUMBA,AUSTRALIA,-17.5,140.83
836,PORT_NOLLOTH,SOUTH AFRICA,-29.26,16.87
837,NEWCASTLE_V,AUSTRALIA,-32.92,151.79
838,HOBART,AUSTRALIA,-42.88,147.34
839,TORSHAVN,FAROE ISLANDS,62.02,-6.77
841,HONDAU,VIET NAM,20.67,106.8
842,PORT_RENFREW,CANADA,48.55,-124.42
843,SANTA_CRUZ_DAS_FLORES,PORTUGAL,39.45,-31.12
845,SHIMONOSEKI_I,JAPAN,33.97,130.95
846,KOBE,JAPAN,34.68,135.18
847,TAKAMATSU,JAPAN,34.35,134.05
848,PORT_JEFFERSON,UNITED STATES,40.95,-73.08
852,NOUMEA-CHALEIX,NEW CALEDONIA,-22.3,166.43
856,NEW_ROCHELLE,UNITED STATES,40.89,-73.78
857,MAR_DEL_PLATA,ARGENTINA,-38.03,-57.53
859,BELYI_NOS,RUSSIAN FEDERATION,69.6,60.22
860,NAGOYA,JAPAN,35.08,136.88
910,MOSSEL_BAY,SOUTH AFRICA,-34.18,22.14
911,LUDERITZ,NAMIBIA,-26.64,15.15
912,MOZI,JAPAN,33.95,130.97
913,ARGENTINE_ISLANDS,ANTARCTICA,-65.25,-64.26
914,WALVIS_BAY,NAMIBIA,-22.95,14.5
916,MALIN_HEAD,IRELAND,55.37,-7.33
917,SOPOCHNAIA_KARGA,RUSSIAN FEDERATION,71.87,82.7
918,TUXPAN,MEXICO,21.0,-97.33
919,PADRE_ISLAND,UNITED STATES,26.07,-97.15
933,ZHAPO,CHINA,21.58,111.82
934,KANMEN,CHINA,28.08,121.28
935,DARWIN,AUSTRALIA,-12.47,130.85
936,HEYSHAM,UNITED KINGDOM,54.03,-2.92
937,ZHOHOVA,RUSSIAN FEDERATION,76.15,152.83
950,KNYSNA,SOUTH AFRICA,-34.05,23.05
952,SIBAURA,JAPAN,35.63,139.75
953,CAIRNS,AUSTRALIA,-16.92,145.78
954,MOKPO,"KOREA, REPUBLIC OF",34.78,126.38
955,BUSAN,"KOREA, REPUBLIC OF",35.1,129.04
956,INCHEON,"KOREA, REPUBLIC OF",37.45,126.59
957,ALBANY,AUSTRALIA,-35.03,117.89
958,SETE,FRANCE,43.4,3.7
960,ALICANTE,SPAIN,38.34,-0.48
970,CHINHAE,"KOREA, REPUBLIC OF",35.15,128.65
979,LUSI,CHINA,32.13,121.62
980,TOULON,FRANCE,43.11,5.91
981,GIBRALTAR,GIBRALTAR,36.15,-5.36
982,DEVONPORT,UNITED KINGDOM,50.37,-4.19
983,COCOS_ISLAND,COCOS (KEELING) ISLANDS,-12.12,96.89
984,BELLA_BELLA,CANADA,52.17,-128.13
985,CADIZ_III,SPAIN,36.54,-6.29
996,PORT_TARANAKI,NEW ZEALAND,-39.06,174.03
997,ULSAN,"KOREA, REPUBLIC OF",35.5,129.39
998,TIMARU_HARBOUR,NEW ZEALAND,-44.39,171.26
1000,TUKTOYAKTUK,CANADA,69.42,-132.97
1001,SAN_JUAN,PUERTO RICO,18.46,-66.11
1002,TRIBENI,INDIA,22.98,88.4
1003,HONNGU,VIET NAM,18.8,105.77
1006,PESCHANYI,RUSSIAN FEDERATION,79.43,102.48
1007,WONSAN,"KOREA, DEMOCRATIC PEOPLE'S REPUBLIC OF",39.17,127.45
1009,KOPER,SLOVENIA,45.55,13.72
1011,ACAJUTLA,EL SALVADOR,13.57,-89.83
1012,KRENKELIA,RUSSIAN FEDERATION,80.62,58.05
1013,RINCON_ISLAND,UNITED STATES,34.35,-119.44
1018,NASE_II,JAPAN,28.38,129.5
1019,SAGYLLAH-ARY,RUSSIAN FEDERATION,73.15,128.88
1020,CIUDAD_MADERO,MEXICO,22.25,-97.8
1026,ONISAKI,JAPAN,34.9,136.82
1027,OSHORO_II,JAPAN,43.21,140.86
1028,HIROSIMA,JAPAN,34.35,132.46
1030,FUNCHAL,PORTUGAL,32.64,-16.91
1031,GERALDTON,AUSTRALIA,-28.78,114.6
1032,ILHA_FISCAL,BRAZIL,-22.9,-43.17
1033,STONY_POINT,AUSTRALIA,-38.37,145.22
1034,TAI_PO_KAU,HONG KONG,22.44,114.18
1036,AMRUM,GERMANY,54.62,8.38
1037,BORKUM,GERMANY,53.56,6.75
1038,PORT_MANSFIELD,UNITED STATES,26.55,-97.42
1049,TEMA,GHANA,5.62,0.0
1060,MIYAKE_SIMA,JAPAN,34.07,139.48
1061,KOZU_SIMA,JAPAN,34.21,139.13
1062,MATSUYAMA_II,JAPAN,33.86,132.71
1064,MINAMI_IZU,JAPAN,34.62,138.88
1065,WHANGAREI_HARBOUR,NEW ZEALAND,-35.76,174.35
1066,JEJU,"KOREA, REPUBLIC OF",33.53,126.54
1067,ANCHORAGE,UNITED STATES,61.24,-149.89
1068,BRIDGEPORT,UNITED STATES,41.17,-73.18
1069,VICTOR_HARBOUR,AUSTRALIA,-35.56,138.64
1070,SELDOVIA,UNITED STATES,59.44,-151.72
1071,PORT_HARDY,CANADA,50.72,-127.48
1072,TUTICORIN,INDIA,8.75,78.2
1074,ROSYTH,UNITED KINGDOM,56.02,-3.45
1075,BAR,MONTENEGRO,42.08,19.08
1078,POINTE_ST. GILDAS,FRANCE,47.13,-2.25
1080,SANTO_TOMAS_DE_CASTILLA,GUATEMALA,15.7,-88.62
1089,MAISAKA,JAPAN,34.68,137.61
1090,URAGAMI,JAPAN,33.56,135.9
1091,OKADA,JAPAN,34.79,139.39
1093,AWA_SIMA,JAPAN,38.47,139.25
1094,HAKATA,JAPAN,33.62,130.41
1095,SAIGO,JAPAN,36.2,133.33
1096,NISINOOMOTE,JAPAN,30.73,130.99
1097,ODOMARI,JAPAN,31.02,130.69
1098,SUMOTO,JAPAN,34.34,134.91
1099,OSAKA,JAPAN,34.66,135.43
1100,NAGASAKI,JAPAN,32.73,129.87
1101,FUKUE,JAPAN,32.7,128.85
1102,OURA,JAPAN,32.98,130.22
1103,WAKKANAI,JAPAN,45.41,141.69
1104,ABASHIRI,JAPAN,44.02,144.29
1105,NAKANO_SIMA,JAPAN,29.84,129.85
1106,FORT_MYERS,UNITED STATES,26.65,-81.87
1107,NAPLES,UNITED STATES,26.13,-81.81
1108,MUKHO,"KOREA, REPUBLIC OF",37.55,129.12
1109,WICK,UNITED KINGDOM,58.44,-3.09
1111,NANTUCKET_ISLAND,UNITED STATES,41.28,-70.1
1112,ULLAPOOL,UNITED KINGDOM,57.9,-5.16
1113,HELGEROA,NORWAY,59.0,9.86
1114,ESPERANCE,AUSTRALIA,-33.87,121.9
1115,CARNARVON,AUSTRALIA,-24.9,113.65
1116,WYNDHAM,AUSTRALIA,-15.45,128.1
1118,DEVONPORT,AUSTRALIA,-41.18,146.36
1121,PICTOU,CANADA,45.68,-62.7
1128,ANTIPAIUTA,RUSSIAN FEDERATION,69.08,76.85
1146,OWASE,JAPAN,34.08,136.21
1147,SASEBO_II,JAPAN,33.16,129.72
1148,TAJIRI,JAPAN,35.59,134.32
1149,MIYAKO_II,JAPAN,39.64,141.98
1150,SHIRAHAMA,JAPAN,33.68,135.38
1151,NAHA,JAPAN,26.21,127.67
1152,PATRICIA_BAY,CANADA,48.65,-123.45
1153,CAPE_MAY,UNITED STATES,38.97,-74.96
1154,BUNDABERG,AUSTRALIA,-24.77,152.38
1155,YEOSU,"KOREA, REPUBLIC OF",34.75,127.77
1156,DAUPHIN_ISLAND,UNITED STATES,30.25,-88.08
1157,WEIPA,AUSTRALIA,-12.67,141.87
1158,YARMOUTH,CANADA,43.83,-66.13
1159,BROOME,AUSTRALIA,-18.0,122.22
1160,MILNER_BAY,AUSTRALIA,-13.86,136.42
1161,PARADIP,INDIA,20.27,86.7
1162,SIBONEY,CUBA,23.1,-82.47
1164,RABAUL,PAPUA NEW GUINEA,-4.2,152.18
1190,MIKUNI,JAPAN,36.25,136.15
1191,KATSUURA,JAPAN,35.13,140.25
1193,APALACHICOLA,UNITED STATES,29.73,-84.98
1194,MURORAN,JAPAN,42.35,140.95
1195,CAPE_TOWN,SOUTH AFRICA,-33.91,18.43
1196,SOUTH_BEACH,UNITED STATES,44.62,-124.04
1197,FYNSHAV,DENMARK,54.99,9.99
1199,STE-ANNE-DES-MONTS,CANADA,49.13,-66.48
1200,SE-LAHA,RUSSIAN FEDERATION,70.15,72.57
1209,KURE_IV,JAPAN,34.24,132.55
1210,TOKUYAMA_II,JAPAN,34.04,131.8
1211,SPIKARNA,SWEDEN,62.36,17.53
1212,UWAJIMA_II,JAPAN,33.23,132.55
1213,RIVIERE-AU-RENARD,CANADA,49.0,-64.38
1214,ILFRACOMBE,UNITED KINGDOM,51.21,-4.11
1215,PORTPATRICK,UNITED KINGDOM,54.84,-5.12
1216,SPRING_BAY,AUSTRALIA,-42.55,147.93
1217,MAJURO-B,MARSHALL ISLANDS,7.1,171.37
1218,BAIE_COMEAU,CANADA,49.23,-68.13
1232,SOUDHAS,GREECE,35.49,24.08
1233,LEROS,GREECE,37.13,26.85
1234,SIROS,GREECE,37.44,24.95
1236,GOTEBORG - TORSHAMNEN,SWEDEN,57.68,11.79
1237,KHALKIS_NORTH,GREECE,38.47,23.59
1238,ALEXANDROUPOLIS,GREECE,40.84,25.88
1239,LEVKAS,GREECE,38.83,20.71
1240,KATAKOLON,GREECE,37.64,21.32
1241,RORVIK,NORWAY,64.86,11.23
1242,BAMFIELD,CANADA,48.85,-125.13
1243,RHODOS,GREECE,36.44,28.24
1245,NEW  WESTMINSTER,CANADA,49.2,-122.92
1246,HAY_POINT,AUSTRALIA,-21.28,149.3
1247,PORT_TUDY,FRANCE,47.64,-3.45
1248,SULTAN_SHOAL,SINGAPORE,1.23,103.65
1249,MORMUGAO,INDIA,15.42,73.8
1250,PATRAI,GREECE,38.42,21.73
1252,MALAKAL-B,PALAU,7.33,134.47
1253,RIKITEA,FRENCH POLYNESIA,-23.12,-134.97
1255,STEVESTON,CANADA,49.12,-123.18
1263,OMAEZAKI_II,JAPAN,34.61,138.22
1264,OGA,JAPAN,39.94,139.71
1265,AKUNE,JAPAN,32.02,130.19
1266,HACHINOHE_II,JAPAN,40.53,141.53
1267,HONNINGSVAG,NORWAY,70.98,25.97
1268,BOOBY_ISLAND,AUSTRALIA,-10.6,141.91
1269,CHARLESTON_II,UNITED STATES,43.34,-124.32
1270,HALDIA,INDIA,22.03,88.1
1271,USHUAIA_II,ARGENTINA,-54.82,-68.22
1272,EASTER_ISLAND-E,CHILE,-27.15,-109.47
1274,CALLAO_2,PERU,-12.05,-77.15
1275,JURONG,SINGAPORE,1.3,103.72
1293,OITA_II,JAPAN,33.27,131.69
1294,LE_CONQUET,FRANCE,48.36,-4.78
1295,CAMBRIDGE_II,UNITED STATES,38.57,-76.07
1296,URAKAWA_II,JAPAN,42.17,142.77
1297,CABO_DE_SAN_ANTONIO,CUBA,21.9,-84.9
1299,NORTH_SYDNEY,CANADA,46.22,-60.25
1300,INCE_POINT,AUSTRALIA,-10.51,142.31
1301,CONCARNEAU,FRANCE,47.87,-3.91
1306,HAGI,JAPAN,34.43,131.42
1318,KARIYA,JAPAN,33.47,129.85
1320,KURE_I,JAPAN,33.33,133.24
1321,ARGENTIA,CANADA,47.3,-53.98
1322,SEPT-ILES,CANADA,50.2,-66.4
1323,CAMPBELL_RIVER,CANADA,50.02,-125.23
1324,POHANG,"KOREA, REPUBLIC OF",36.05,129.38
1325,PORT_TOWNSEND,UNITED STATES,48.11,-122.76
1328,CAPE_LAMBERT,AUSTRALIA,-20.59,117.19
1329,KANTON_ISLAND-B,KIRIBATI,-2.82,-171.72
1343,ITO_II,JAPAN,34.9,139.13
1344,OGI,JAPAN,37.81,138.28
1345,SOMA,JAPAN,37.83,140.96
1346,KAMAISI_II,JAPAN,39.27,141.89
1347,ROSCOFF,FRANCE,48.72,-3.97
1349,LOWER_ESCUMINAC,CANADA,47.08,-64.88
1350,NIKISKI,UNITED STATES,60.68,-151.4
1351,RAFFLES_LIGHT_HOUSE,SINGAPORE,1.17,103.75
1352,MONTEREY,UNITED STATES,36.6,-121.89
1353,VALDEZ,UNITED STATES,61.12,-146.36
1354,TOKE_POINT,UNITED STATES,46.71,-123.97
1355,CABO_SAN_LUCAS,MEXICO,22.88,-109.9
1356,KAOHSIUNG_II,"TAIWAN, PROVINCE OF CHINA",22.53,120.32
1364,OFUNATO_II,JAPAN,39.02,141.75
1365,SOKCHO,"KOREA, REPUBLIC OF",38.21,128.59
1366,TSIM_BEI_TSUI,HONG KONG,22.49,114.01
1367,WHYALLA_III,AUSTRALIA,-33.01,137.59
1368,GOODS_ISLAND,AUSTRALIA,-10.56,142.15
1369,GANGRA,INDIA,21.95,88.02
1370,POHNPEI-B,"MICRONESIA, FEDERATED STATES OF",6.98,158.23
1371,CHRISTMAS_ISLAND_II,KIRIBATI,1.98,-157.48
1372,FRENCH_FRIGATE_SHOALS,UNITED STATES,23.87,-166.28
1373,HONIARA_II,SOLOMON ISLANDS,-9.43,159.95
1386,KUCHINOTSU,JAPAN,32.61,130.2
1387,MAIZURU_II,JAPAN,35.48,135.39
1388,OKINAWA,JAPAN,26.18,127.82
1389,TOYAMA,JAPAN,36.76,137.22
1390,MUROTOMISAKI,JAPAN,33.27,134.16
1391,CHICHIJIMA,JAPAN,27.08,142.18
1393,CHARLOTTE_AMALIE,"VIRGIN ISLANDS, U.S.",18.34,-64.92
1394,POINT_REYES,UNITED STATES,37.99,-122.98
1395,OKHA,INDIA,22.47,69.08
1397,PAPEETE-B,FRENCH POLYNESIA,-17.53,-149.57
1399,BYKOV_MYS,RUSSIAN FEDERATION,72.0,129.12
1403,TANGGU,CHINA,39.0,117.72
1404,SHIJIUSUO,CHINA,35.38,119.55
1405,LIANYUNGANG,CHINA,34.75,119.45
1406,SHANWEI,CHINA,22.75,115.35
1408,BEIHAI,CHINA,21.48,109.08
1420,WALLAROO_II,AUSTRALIA,-33.93,137.62
1421,NY-ALESUND,SVALBARD AND JAN MAYEN,78.93,11.94
1422,NORTH_SOUND,CAYMAN ISLANDS,19.3,-81.32
1423,MANGALORE,INDIA,12.92,74.8
1426,SOUTH_SOUND,CAYMAN ISLANDS,19.27,-81.38
1428,HAIKOU,CHINA,20.02,110.28
1437,TAGO,JAPAN,34.81,138.76
1438,YAIZU,JAPAN,34.87,138.33
1440,KAMINATO_II,JAPAN,33.13,139.8
1441,KHALKIS_SOUTH,GREECE,38.46,23.59
1442,HANASAKI_II,JAPAN,43.28,145.57
1444,SPRINGMAID_PIER,UNITED STATES,33.66,-78.92
1445,GADEOKDO,"KOREA, REPUBLIC OF",35.02,128.81
1446,TONGYEONG,"KOREA, REPUBLIC OF",34.83,128.43
1447,LIME_TREE_BAY,"VIRGIN ISLANDS, U.S.",17.69,-64.75
1448,KOSEROW,GERMANY,54.06,14.0
1449,QUINHON,VIET NAM,13.77,109.25
1450,PENRHYN,COOK ISLANDS,-9.02,-158.07
1451,HIRON_POINT,BANGLADESH,21.78,89.47
1452,FUNAFUTI,TUVALU,-8.53,179.22
1454,KHEPUPARA,BANGLADESH,21.83,89.83
1455,ALMERIA,SPAIN,36.83,-2.48
1456,SINES,PORTUGAL,37.95,-8.88
1468,NICE,FRANCE,43.7,7.29
1469,PORT_VENDRES,FRANCE,42.52,3.11
1470,MONBETU_II,JAPAN,44.35,143.37
1471,PORT_DOUGLAS_2,AUSTRALIA,-16.48,145.47
1473,KAPINGAMARANGI,"MICRONESIA, FEDERATED STATES OF",1.1,154.78
1474,SAIPAN,NORTHERN MARIANA ISLANDS,15.23,145.75
1475,DANANG,VIET NAM,16.1,108.22
1476,COX'S_BAZAAR,BANGLADESH,21.45,91.83
1488,NAGOYA_II,JAPAN,35.09,136.88
1489,HEUKSANDO,"KOREA, REPUBLIC OF",34.68,125.44
1490,ULLEUNG,"KOREA, REPUBLIC OF",37.49,130.91
1491,TOBERMORY,UNITED KINGDOM,56.62,-6.06
1492,CAPE_FERGUSON,AUSTRALIA,-19.28,147.06
1493,MOOLOOLABA_2,AUSTRALIA,-26.68,153.13
1495,VUNGTAU,VIET NAM,10.33,107.07
1496,CHARCHANGA,BANGLADESH,22.22,91.05
1501,POINTE_DES_GALETS,RÉUNION,-20.93,55.29
1505,WHITBY,UNITED KINGDOM,54.49,-0.61
1506,PORT_STANVAC,AUSTRALIA,-35.11,138.47
1513,LAOHUTAN,CHINA,38.87,121.68
1522,NASE_III,JAPAN,28.5,129.5
1523,MAIZURU_III,JAPAN,35.45,135.32
1524,CUTLER_II,UNITED STATES,44.64,-67.3
1526,LEITH_II,UNITED KINGDOM,55.99,-3.18
1527,GUNSAN,"KOREA, REPUBLIC OF",35.98,126.56
1544,CHOSHI-GYOKO,JAPAN,35.74,140.86
1545,TOKYO_III,JAPAN,35.65,139.77
1546,GEOMUNDO,"KOREA, REPUBLIC OF",34.03,127.31
1547,PORTLAND,AUSTRALIA,-38.34,141.61
1548,NEWHAVEN,UNITED KINGDOM,50.78,0.06
1549,KING_BAY,AUSTRALIA,-20.62,116.75
1550,PORT_GILES,AUSTRALIA,-35.02,137.77
1551,ROOMPOT_BUITEN,"NETHERLANDS, KINGDOM OF THE",51.62,3.68
1567,KOCHI_III,JAPAN,33.5,133.57
1568,WANDO,"KOREA, REPUBLIC OF",34.32,126.76
1569,SHUTE_HARBOUR_2,AUSTRALIA,-20.28,148.78
1571,PUERTO_ARMUELLES_B,PANAMA,8.27,-82.87
1585,HAMADA_II,JAPAN,34.9,132.07
1586,IZUHARA_II,JAPAN,34.2,129.29
1587,TAPPI,JAPAN,41.24,140.38
1588,CHUJADO,"KOREA, REPUBLIC OF",33.96,126.3
1589,TANJUNG_GELANG,MALAYSIA,3.98,103.43
1590,TAURANGA,NEW ZEALAND,-37.64,176.18
1591,PELABUHAN_KELANG,MALAYSIA,3.05,101.36
1592,CENDERING,MALAYSIA,5.26,103.19
1593,TANJUNG_KELING,MALAYSIA,2.21,102.15
1594,LUMUT,MALAYSIA,4.24,100.61
1595,PULAU_PINANG,MALAYSIA,5.42,100.35
1596,YOSIOKA,JAPAN,41.45,140.25
1597,RIMOUSKI,CANADA,48.48,-68.52
1600,ZANZIBAR,"TANZANIA, UNITED REPUBLIC OF",-6.15,39.18
1603,PUERTO_SOBERANIA,ANTARCTICA,-62.48,-59.63
1627,SEOGWIPO,"KOREA, REPUBLIC OF",33.24,126.56
1628,WIDO,"KOREA, REPUBLIC OF",35.62,126.3
1629,MOURILYAN_HARBOUR,AUSTRALIA,-17.58,146.08
1630,LUCINDA,AUSTRALIA,-18.52,146.38
1631,ONSLOW,AUSTRALIA,-21.65,115.13
1632,CROMER,UNITED KINGDOM,52.93,1.3
1633,CHERRY_POINT,UNITED STATES,48.86,-122.76
1634,SAND_POINT,UNITED STATES,55.34,-160.5
1635,CHESAPEAKE_BAY_BR. TUN.,UNITED STATES,36.97,-76.11
1636,DUCK_PIER_OUTSIDE,UNITED STATES,36.18,-75.75
1637,BERGEN_POINT,UNITED STATES,40.64,-74.14
1638,CLEARWATER_BEACH,UNITED STATES,27.98,-82.83
1639,N. SPIT,UNITED STATES,40.77,-124.22
1640,PORT_ORFORD,UNITED STATES,42.74,-124.5
1641,PANAMA_CITY,UNITED STATES,30.15,-85.67
1643,PORT_CHALMERS,NEW ZEALAND,-45.81,170.62
1644,JUAN_FERNANDEZ-C,CHILE,-33.64,-78.83
1645,BALTRA-B,ECUADOR,-0.43,-90.28
1671,ISHIGAKI_II,JAPAN,24.33,124.16
1672,RODRIGUES_IS,MAURITIUS,-19.67,63.42
1673,PORT_LOUIS_II,MAURITIUS,-20.15,57.5
1674,QUARRY_BAY,HONG KONG,22.29,114.21
1675,BORYEONG,"KOREA, REPUBLIC OF",36.41,126.49
1676,PULAU_LANGKAWI,MALAYSIA,6.43,99.76
1677,KUKUP,MALAYSIA,1.33,103.44
1678,PULAU_TIOMAN,MALAYSIA,2.81,104.14
1679,MENTES/IZMIR,TURKEY,38.43,26.72
1681,ANTALYA_II,TURKEY,36.83,30.62
1696,LAKE_WORTH_PIER,UNITED STATES,26.61,-80.03
1699,ANHEUNG,"KOREA, REPUBLIC OF",36.67,126.13
1700,MILFORD_HAVEN,UNITED KINGDOM,51.71,-5.05
1701,VACA_KEY,UNITED STATES,24.71,-81.11
1702,TANJUNG_SEDILI,MALAYSIA,1.93,104.11
1703,GETING,MALAYSIA,6.23,102.11
1704,GOLD_COAST_SEAWAY_2,AUSTRALIA,-27.95,153.42
1706,SUCURAJ,CROATIA,43.13,17.2
1707,GAN_II,MALDIVES,-0.68,73.15
1708,SURIGAO,PHILIPPINES,9.78,125.5
1711,SAN_JOSE,PHILIPPINES,12.33,121.08
1730,NAN_SHA,CHINA,9.55,112.88
1731,FISHGUARD_II,UNITED KINGDOM,52.01,-4.98
1733,KOTA_KINABALU,MALAYSIA,5.98,116.07
1734,TAWAU,MALAYSIA,4.23,117.88
1735,MARSAXLOKK  ,MALTA,35.82,14.53
1745,XI_SHA,CHINA,16.83,112.33
1746,TANJONG_PAGAR,SINGAPORE,1.27,103.85
1747,LES_SABLES_D OLONNE,FRANCE,46.5,-1.79
1748,TRONDHEIM_2,NORWAY,63.44,10.39
1749,TURTLE_HEAD,AUSTRALIA,-10.52,142.21
1750,NAPIER,NEW ZEALAND,-39.48,176.92
1751,SAN_FELIX,CHILE,-26.29,-80.11
1753,MALE-B,MALDIVES,4.18,73.53
1758,HINKLEY_POINT,UNITED KINGDOM,51.21,-3.13
1759,VIKER,NORWAY,59.04,10.95
1760,ROSSLYN_BAY,AUSTRALIA,-23.16,150.79
1761,HILLARYS,AUSTRALIA,-31.83,115.74
1762,EXMOUTH,AUSTRALIA,-21.95,114.14
1764,L'ESTARTIT,SPAIN,42.05,3.21
1772,ISLAY,UNITED KINGDOM,55.63,-6.19
1773,WEYMOUTH,UNITED KINGDOM,50.61,-2.45
1775,KINLOCHBERVIE,UNITED KINGDOM,58.46,-5.05
1780,ANABAR,RUSSIAN FEDERATION,73.22,113.5
1784,POINTE-A-PITRE,GUADELOUPE,16.22,-61.53
1789,TAKAMATSU_II,JAPAN,34.35,134.06
1790,KOBE_II,JAPAN,34.68,135.19
1792,KO_MATTAPHON,THAILAND,10.45,99.25
1793,PORT_ERIN,ISLE OF MAN,54.09,-4.77
1794,WORKINGTON,UNITED KINGDOM,54.65,-3.57
1795,ST_HELIER,JERSEY,49.18,-2.12
1796,STANLEY_II,FALKLAND ISLANDS (MALVINAS),-51.69,-57.82
1797,HADERA,ISRAEL,32.47,34.86
1799,WINTER_HARBOUR,CANADA,50.52,-128.03
1800,NOME,UNITED STATES,64.5,-165.43
1801,BOUCAU,FRANCE,43.53,-1.51
1802,LAS_PALMAS_D,SPAIN,28.14,-15.41
1803,TENERIFE,SPAIN,28.48,-16.24
1804,BETIO,KIRIBATI,1.37,172.93
1805,LAUTOKA,FIJI,-17.6,177.44
1806,BILBAO,SPAIN,43.35,-3.05
1807,SANTANDER_III,SPAIN,43.46,-3.79
1808,LA_CORUNA_III,SPAIN,43.36,-8.39
1809,BONANZA,SPAIN,36.8,-6.34
1810,MALAGA_II,SPAIN,36.71,-4.42
1811,BARCELONA,SPAIN,41.34,2.17
1812,TEJN,DENMARK,55.25,14.84
1813,VALENCIA,SPAIN,39.44,-0.31
1816,DAKAR_2,SENEGAL,14.68,-17.42
1830,SHIMONOSEKI_III,JAPAN,33.92,130.93
1833,BINTULU,MALAYSIA,3.26,113.06
1834,SANDAKAN,MALAYSIA,5.81,118.07
1835,SABINE_PASS_NORTH,UNITED STATES,29.73,-93.87
1836,LORNE,AUSTRALIA,-38.55,143.99
1838,MAJURO-C,MARSHALL ISLANDS,7.11,171.37
1839,FUNAFUTI_B,TUVALU,-8.5,179.2
1840,APIA_B,SAMOA,-13.83,-171.76
1841,PORT_VILA_B,VANUATU,-17.76,168.31
1842,NUKU'ALOFA_B,TONGA,-21.14,-175.18
1843,RAROTONGA_B,COOK ISLANDS,-21.2,-159.78
1844,NAURU-B,NAURU,-0.53,166.91
1846,POINT_LA_RUE,SEYCHELLES,-4.67,55.53
1849,KERGUELEN,FRENCH SOUTHERN TERRITORIES,-49.35,70.26
1854,LLANDUDNO,UNITED KINGDOM,53.33,-3.83
1857,PRUDHOE_BAY,UNITED STATES,70.4,-148.53
1858,VIRGINIA_KEY,UNITED STATES,25.73,-80.16
1859,ZADAR,CROATIA,44.12,15.23
1860,LOMBRUM,PAPUA NEW GUINEA,-2.04,147.37
1861,HONIARA-B,SOLOMON ISLANDS,-9.43,159.96
1867,PORTRUSH,UNITED KINGDOM,55.21,-6.66
1871,GIJON_II,SPAIN,43.56,-5.7
1877,LAHAT_DATU,MALAYSIA,5.02,118.35
1878,BOURNEMOUTH,UNITED KINGDOM,50.71,-1.87
1879,LABUAN_2,MALAYSIA,5.27,115.25
1883,HUELVA,SPAIN,37.13,-6.83
1887,MASIRAH,OMAN,20.68,58.87
1891,TAI_MIU_WAN,HONG KONG,22.27,114.29
1892,PALMA_DE_MALLORCA,SPAIN,39.55,2.64
1894,TUAS,SINGAPORE,1.28,103.67
1895,WEST_COAST,SINGAPORE,1.3,103.77
1896,WEST_TUAS,SINGAPORE,1.34,103.63
1897,VILLAGARCIA,SPAIN,42.6,-8.77
1898,VIGO_II,SPAIN,42.24,-8.73
1902,SHEK_PIK,HONG KONG,22.22,113.89
1903,CORPUS_CHRISTI,UNITED STATES,27.58,-97.22
1910,CABO_CRUZ,CUBA,19.83,-77.73
1914,PALMEIRA,CAPE VERDE,16.75,-22.98
1915,PORT_BLOC,FRANCE,45.57,-1.06
1921,LE_CROUESTY,FRANCE,47.54,-2.9
1923,HUPO,"KOREA, REPUBLIC OF",36.68,129.45
1925,POHNPEI_C,"MICRONESIA, FEDERATED STATES OF",6.98,158.2
2021,CASILDA_II,CUBA,21.75,-79.99
2025,BUGRINO,RUSSIAN FEDERATION,68.8,49.33
2026,MYS_PIKSHUEVA,RUSSIAN FEDERATION,69.55,32.43
2027,POLYARNIY,RUSSIAN FEDERATION,69.2,33.48
2028,TERIBERKA,RUSSIAN FEDERATION,69.2,35.12
2072,PORT_ALMA,AUSTRALIA,-23.58,150.87
2073,URANGAN_II,AUSTRALIA,-25.3,152.92
2074,BOWEN_II,AUSTRALIA,-20.02,148.25
2101,KALIX,SWEDEN,65.7,23.1
2102,SKAGSUDDE,SWEDEN,63.19,19.01
2103,FORSMARK,SWEDEN,60.41,18.21
2104,MARVIKEN,SWEDEN,58.55,16.84
2105,VISBY,SWEDEN,57.64,18.28
2106,OSKARSHAMN,SWEDEN,57.27,16.48
2107,SIMRISHAMN,SWEDEN,55.56,14.36
2108,SKANOR,SWEDEN,55.42,12.83
2109,BARSEBACK,SWEDEN,55.76,12.9
2110,VIKEN,SWEDEN,56.14,12.58
2111,RINGHALS,SWEDEN,57.25,12.11
2112,STENUNGSUND,SWEDEN,58.09,11.83
2113,KUNGSVIK,SWEDEN,59.0,11.13
2123,TRIDENT_PIER,UNITED STATES,28.41,-80.59
2125,ARENA_COVE,UNITED STATES,38.91,-123.71
2126,SANTA_BARBARA,UNITED STATES,34.41,-119.69
2127,PORT_ANGELES,UNITED STATES,48.12,-123.44
2128,KAWAIHAE,UNITED STATES,20.04,-155.83
2133,GOTEBORG-RINGON,SWEDEN,57.72,11.97
2183,MOMBASA_II,KENYA,-4.07,39.65
2198,LAMU_B,KENYA,-2.27,40.9
2215,BAY_WAVELAND_YACHT_CLUB_II,UNITED STATES,30.33,-89.33
2261,IQUIQUE_II,CHILE,-20.2,-70.15
2262,CORRAL_II,CHILE,-39.88,-73.42
2263,PUNTA_ARENAS_II,CHILE,-53.12,-70.86
2264,ANCUD,CHILE,-41.87,-73.83
2292,OCEAN_CITY_INLET,UNITED STATES,38.33,-75.09
2294,CAPE_HATTERAS,UNITED STATES,35.22,-75.64
2295,BEAUFORT,UNITED STATES,34.72,-76.67
2310,BRUNSWICK_HEADS,AUSTRALIA,-28.54,153.55
2311,COFFS_HARBOUR_III,AUSTRALIA,-30.3,153.15
2312,JERVIS_BAY_II,AUSTRALIA,-35.12,150.71
2313,PORT_MACQUARIE,AUSTRALIA,-31.43,152.91
2314,TWEED_HEADS,AUSTRALIA,-28.17,153.55
2316,PORT_STEPHENS,AUSTRALIA,-32.71,152.18
2322,KINGS_POINT,UNITED STATES,40.81,-73.77
2323,TOLCHESTER_BEACH,UNITED STATES,39.21,-76.25
2324,LEWISETTA,UNITED STATES,37.99,-76.47
2325,OREGON_INLET_MARINA,UNITED STATES,35.8,-75.55
2326,MAYPORT,UNITED STATES,30.4,-81.43
2329,REDWOOD_CITY,UNITED STATES,37.51,-122.21
2330,PORT_CHICAGO,UNITED STATES,38.05,-122.04
2356,SUVA-B,FIJI,-18.13,178.43
2358,SYDNEY_PORT_JACKSON,AUSTRALIA,-33.83,151.26
